id_documento,titulo,tipo_documental,serie,dependencia,fecha_creacion,fecha_digitalizacion,formato,peso_kb,num_paginas,idioma,estado,clasificacion,digitalizador,calidad_imagen,observaciones
AHB-2019-1050,Resolución #614,solicitud,Resoluciones Administrativas,Archivo Histórico,2019-03-04 23:11:38.327759,2019-06-30 23:11:38.327759,PNG,7612.1,38,es,Eliminado,Público,Ana García,1.0,
AHB-2023-1298,Memorando #786,Memorando,Memorandos,Secretaría General,2024-12-22 21:50:10.033444,2026-03-15 21:50:10.033444,JPEG,460.3,18,es,Activo,Confidencial,Carlos López,3.0,
AHB-2023-1251,Oficio #394,Oficio,Oficios,Secretaría General,2023-11-17 04:08:01.605351,2025-02-08 04:08:01.605351,DOCX,4804.4,7,es,Eliminado,Público,Laura Sánchez,2.0,
AHB-2022-1231,Contrato #923,Contrato,Contratos y Convenios,Hacienda,2023-05-30 00:51:22.274247,2023-11-05 00:51:22.274247,TIFF,4738.8,38,es,Inactivo,Público,Carlos López,2.0,
AHB-2018-1015,Solicitud #163,Solicitud,Solicitudes Ciudadanas,Hacienda,2018-05-09 13:27:29.498327,2018-12-12 13:27:29.498327,JPEG,4626.7,62,es,Transferido,Público,Carlos López,3.0,
AHB-2018-1032,Acta #511,Acta,Actas de Reunión,Archivo Histórico,2018-10-02 02:14:38.929765,2020-08-17 02:14:38.929765,TIFF,5807.2,41,es,Eliminado,Reservado,Ana García,5.0,
AHB-2020-1111,Solicitud #812,Solicitud,Solicitudes Ciudadanas,Archivo Histórico,2020-08-07 06:11:26.287625,2021-11-01 06:11:26.287625,DOCX,7361.0,13,es,Transferido,Reservado,Laura Sánchez,1.0,
AHB-2018-1043,Circular #250,Circular,Circulares,Archivo Histórico,2019-01-04 02:02:48.561872,2020-03-19 02:02:48.561872,TIFF,1494.7,16,es,Transferido,Reservado,Laura Sánchez,1.0,
AHB-2021-1177,Memorando #093,Memorando,Memorandos,Jurídica,2022-02-22 16:00:24.080267,2023-12-17 16:00:24.080267,DOCX,2372.5,25,es,Eliminado,Público,Carlos López,1.0,
AHB-2020-1102,Contrato #326,Contrato,Contratos y Convenios,Archivo Histórico,2020-05-22 08:42:56.588628,2022-04-20 08:42:56.588628,PDF,3496.5,50,es,Activo,Reservado,Laura Sánchez,1.0,
AHB-2019-1082,Contrato #354,Contrato,Contratos y Convenios,Planeación,2019-12-03 16:26:17.257525,2020-11-27 16:26:17.257525,PDF,3033.7,37,es,Activo,Público,Juan Martínez,3.0,
AHB-2020-1112,Acta #841,DECRETO,Actas de Reunión,Hacienda,2020-08-15 21:21:16.254180,2020-10-24 21:21:16.254180,PNG,6208.4,51,es,Inactivo,Confidencial,Juan Martínez,3.0,
AHB-2020-1141,Informe #481,Informe,Informes de Gestión,Secretaría General,2021-04-20 23:06:25.284280,2022-07-25 23:06:25.284280,PNG,5709.1,39,es,Transferido,Público,Carlos López,1.0,
AHB-2023-1274,Oficio #997,Oficio,Oficios,Planeación,2024-05-31 16:54:10.836120,2025-10-28 16:54:10.836120,TIFF,3296.4,74,es,Eliminado,Público,Laura Sánchez,3.0,
AHB-2020-1106,Solicitud #936,Solicitud,Solicitudes Ciudadanas,Hacienda,2020-06-25 20:22:16.454849,2022-03-27 20:22:16.454849,TIFF,1266.3,36,es,Eliminado,Confidencial,Juan Martínez,1.0,
AHB-2022-1218,,Informe,Informes de Gestión,,2023-02-08 05:43:32.709030,2024-04-17 05:43:32.709030,,1759503.2356783843,41,es,Inactivo,Confidencial,Juan Martínez,,
AHB-2021-1162,Solicitud #909,memorando,Solicitudes Ciudadanas,Secretaría General,2021-10-17 04:32:54.581939,2023-01-10 04:32:54.581939,PDF,1572.8,75,es,Activo,Público,Ana García,5.0,
AHB-2018-1002,Contrato #295,Contrato,Contratos y Convenios,Secretaría General,2018-01-18 09:19:39.933110,2019-09-18 09:19:39.933110,JPEG,3095.1,11,es,Eliminado,Reservado,Juan Martínez,2.0,
AHB-2023-1275,Memorando #051,Memorando,Memorandos,Planeación,2024-06-09 04:04:00.802675,2025-12-02 04:04:00.802675,JPEG,2602.4,30,es,Inactivo,Reservado,Juan Martínez,3.0,
AHB-2023-1278,Solicitud #764,Solicitud,Solicitudes Ciudadanas,Secretaría General,2024-07-04 19:33:30.702341,2025-01-25 19:33:30.702341,PNG,3322.6,23,es,Transferido,Reservado,María Rodríguez,1.0,
AHB-2020-1115,Solicitud #508,Solicitud,Solicitudes Ciudadanas,Hacienda,2020-09-10 16:50:46.153846,2022-06-19 16:50:46.153846,PDF,4760.2,72,es,Eliminado,Reservado,Carlos López,3.0,
AHB-2018-1003,Circular #449,Circular,Circulares,Planeación,2018-01-27 02:29:29.899665,2019-06-10 02:29:29.899665,PDF,1264.8,6,es,Activo,Público,Juan Martínez,1.0,
AHB-2021-1164,Solicitud #500,Solicitud,Solicitudes Ciudadanas,Jurídica,2021-11-03 09:52:34.515050,2023-04-23 09:52:34.515050,JPEG,2248.2,30,es,Eliminado,Confidencial,Laura Sánchez,,
AHB-2019-1086,Circular #557,Circular,Circulares,Jurídica,2020-01-06 13:05:37.123745,2020-04-21 13:05:37.123745,TIFF,6653.0,56,es,Eliminado,Público,Laura Sánchez,4.0,
AHB-2019-1061,Contrato #425,Contrato,Contratos y Convenios,Secretaría General,2019-06-07 03:59:47.959866,2019-09-24 03:59:47.959866,JPEG,296.7,64,es,Eliminado,Reservado,Laura Sánchez,5.0,
AHB-2023-1284,Certificado #795,Certificado,Certificados y Constancias,Secretaría General,2024-08-25 04:32:30.501672,2025-12-31 04:32:30.501672,JPEG,750.1,24,es,Transferido,Público,Carlos López,4.0,
AHB-2018-1010,Memorando #646,Memorando,Memorandos,Planeación,2018-03-27 19:38:19.665551,2019-12-01 19:38:19.665551,DOCX,3146.3,4,es,Activo,Reservado,Ana García,2.0,
AHB-2018-1007,Oficio #125,Oficio,Oficios,Planeación,2018-03-02 04:08:49.765886,2018-04-18 04:08:49.765886,PNG,3754.1,74,es,Eliminado,Reservado,Laura Sánchez,5.0,
AHB-2018-1036,Oficio #522,Oficio,Oficios,Secretaría General,2018-11-05 03:53:58.795986,2018-12-19 03:53:58.795986,DOCX,4296.3,48,es,Activo,Reservado,Ana García,4.0,
AHB-2019-1051,Acta #521,Acta,Actas de Reunión,Archivo Histórico,2019-03-13 07:21:28.294314,2020-05-01 07:21:28.294314,PNG,3401.4,50,es,Eliminado,Público,María Rodríguez,3.0,
AHB-2019-1053,Oficio #901,Oficio,Oficios,Archivo Histórico,2019-03-30 12:41:08.227424,2020-02-26 12:41:08.227424,PNG,3788.9,54,es,Eliminado,Público,María Rodríguez,2.0,
AHB-2019-1084,Informe #566,Informe,Informes de Gestión,Planeación,2019-12-20 16:45:57.190635,2020-05-20 16:45:57.190635,PDF,1626.7,2,es,Activo,Reservado,Carlos López,5.0,
AHB-2021-1199,Informe #150,Informe,Informes de Gestión,Jurídica,2022-08-29 19:36:43.344481,2024-07-08 19:36:43.344481,PNG,4486.7,23,es,Transferido,Público,Ana García,4.0,
AHB-2023-1255,Decreto #243,Decreto,Decretos,Planeación,2023-12-21 03:47:21.471571,2025-11-13 03:47:21.471571,JPEG,255.6,7,es,Eliminado,Confidencial,Ana García,2.0,
AHB-2019-1092,Informe #194,Informe,Informes de Gestión,secretaria general,2020-02-26 21:04:36.923076,2020-08-01 21:04:36.923076,JPEG,6380.0,6,es,Inactivo,Reservado,María Rodríguez,5.0,
AHB-2020-1121,Memorando #605,Memorando,Memorandos,Hacienda,2020-10-31 21:49:45.953177,2022-04-04 21:49:45.953177,JPEG,6016.3,52,es,Transferido,Público,Juan Martínez,1.0,
AHB-2020-1101,Informe #045,Informe,Informes de Gestión,Hacienda,2020-05-13 17:33:06.622073,2021-08-16 17:33:06.622073,DOCX,3947.1,10,es,Inactivo,Confidencial,Carlos López,5.0,
AHB-2021-1152,,Circular,Circulares,,2021-07-23 16:54:34.916387,2021-11-06 16:54:34.916387,,4425.6,48,es,Activo,Reservado,Laura Sánchez,,
AHB-2020-1124,Circular #103,Circular,Circulares,Planeación,2020-11-26 09:19:15.852842,2022-03-14 09:19:15.852842,DOCX,2724.4,6,es,Eliminado,Reservado,Juan Martínez,4.0,
AHB-2020-1114,Oficio #156,Oficio,Oficios,Hacienda,2020-09-01 22:40:56.187290,2021-11-28 22:40:56.187290,JPEG,6614.6,44,es,Inactivo,Confidencial,María Rodríguez,1.0,
AHB-2018-1049,Memorando #944,Memorando,Memorandos,Secretaría General,2019-02-24 05:01:48.361204,2019-12-18 05:01:48.361204,DOCX,2262.1,7,es,Transferido,Confidencial,Ana García,4.0,
AHB-2018-1004,Informe #902,Informe,Informes de Gestión,Jurídica,2018-02-04 14:39:19.866220,2019-07-29 14:39:19.866220,DOCX,1750.9,74,es,Activo,Confidencial,Ana García,3.0,
AHB-2019-1063,Resolución #957,Resolución,Resoluciones Administrativas,Planeación,2019-06-24 00:19:27.892976,2020-09-13 00:19:27.892976,PNG,6721.9,60,es,Eliminado,Reservado,Ana García,1.0,
AHB-2020-1147,Circular #710,Circular,Circulares,Archivo Histórico,2021-06-11 08:05:25.083612,2022-10-12 08:05:25.083612,JPEG,5328.5,63,es,Activo,Confidencial,Carlos López,1.0,
AHB-2020-1108,Resolución #391,Resolución,Resoluciones Administrativas,Archivo Histórico,2020-07-12 18:41:56.387959,2022-04-16 18:41:56.387959,JPEG,4197.9,79,es,Eliminado,Confidencial,María Rodríguez,3.0,
AHB-2020-1107,Acta #831,Acta,Actas de Reunión,arch. historico,2020-07-04 06:32:06.421404,2021-05-31 06:32:06.421404,PDF,1450.3,80,es,Transferido,Público,María Rodríguez,2.0,
AHB-2021-1179,Oficio #101,Oficio,Oficios,Archivo Histórico,2022-03-11 12:20:04.013377,2022-05-18 12:20:04.013377,PDF,5121.1,57,es,Activo,Confidencial,Carlos López,4.0,
AHB-2023-1280,Solicitud #853,Solicitud,Solicitudes Ciudadanas,Hacienda,2024-07-22 06:53:10.635451,2024-12-11 06:53:10.635451,PDF,5317.5,23,es,Inactivo,Reservado,Carlos López,5.0,
AHB-2023-1296,Informe #774,Informe,Informes de Gestión,Planeación,2024-12-05 19:30:30.100334,2026-05-15 19:30:30.100334,PNG,4013.0,68,es,Inactivo,Confidencial,Juan Martínez,3.0,
AHB-2020-1118,Contrato #130,Contrato,Contratos y Convenios,Archivo Histórico,2020-10-06 09:20:16.053511,2022-06-04 09:20:16.053511,JPEG,7480.2,26,es,Transferido,Reservado,María Rodríguez,1.0,
AHB-2023-1289,,Certificado,Certificados y Constancias,,2024-10-06 22:21:40.334448,2026-03-19 22:21:40.334448,,6608.2,73,es,Eliminado,Público,Juan Martínez,,
AHB-2022-1205,Informe #812,Informe,Informes de Gestión,Secretaría General,2022-10-19 23:35:43.143812,2023-09-02 23:35:43.143812,DOCX,7272.6,34,es,Eliminado,Público,María Rodríguez,3.0,
AHB-2022-1217,Acta #935,Acta,Actas de Reunión,Archivo Histórico,2023-01-30 07:33:42.742474,2024-12-17 07:33:42.742474,PDF,1956.9,63,es,Inactivo,Reservado,Juan Martínez,4.0,
AHB-2020-1134,Contrato #148,Contrato,Contratos y Convenios,Secretaría General,2021-02-20 00:57:35.518394,2022-10-22 00:57:35.518394,JPEG,4157.2,18,es,Eliminado,Público,María Rodríguez,1.0,
AHB-2021-1153,Circular #873,Circular,Circulares,Secretaría General,2021-08-01 09:04:24.882943,2022-07-19 09:04:24.882943,DOCX,2846.9,43,es,Eliminado,Público,Juan Martínez,5.0,
AHB-2021-1186,Acta #171,Acta,Actas de Reunión,Secretaría General,2022-05-10 08:28:53.779264,2023-01-24 08:28:53.779264,PDF,7725.7,65,es,Eliminado,Confidencial,Juan Martínez,1.0,
AHB-2020-1113,Memorando #668,Memorando,Memorandos,,2020-08-24 08:31:06.220735,2021-12-18 08:31:06.220735,DOCX,3745.7,48,es,Eliminado,Confidencial,Ana García,,
AHB-2023-1282,Contrato #925,Contrato,Contratos y Convenios,Archivo Histórico,2024-08-07 23:12:50.568561,2024-09-30 23:12:50.568561,TIFF,6096.0,51,es,Eliminado,Confidencial,Carlos López,4.0,
AHB-2018-1026,Decreto #473,Decreto,Decretos,Hacienda Dist.,2018-08-11 16:15:39.130434,2019-09-05 16:15:39.130434,PNG,3931.4,60,es,Activo,Público,Ana García,3.0,
AHB-2020-1137,Contrato #671,Contrato,Contratos y Convenios,juridica,2021-03-17 16:27:05.418060,2022-07-04 16:27:05.418060,PDF,3281.1,41,es,Eliminado,Confidencial,Ana García,2.0,
AHB-2018-1044,Informe #468,Informe,Informes de Gestión,Jurídica,2019-01-12 19:12:38.528428,2020-08-22 19:12:38.528428,DOCX,2118.2,35,es,Activo,Confidencial,María Rodríguez,2.0,
AHB-2020-1142,Contrato #801,Contrato,Contratos y Convenios,Secretaría General,2021-04-29 08:16:15.250836,2022-12-06 08:16:15.250836,JPEG,3613.0,76,es,Eliminado,Reservado,Laura Sánchez,3.0,
AHB-2022-1242,Contrato #655,Contrato,Contratos y Convenios,Hacienda,2023-09-01 07:39:31.906354,2024-01-14 07:39:31.906354,TIFF,6602.7,35,es,Transferido,Público,Juan Martínez,3.0,
AHB-2022-1237,,Resolución,Resoluciones Administrativas,,2023-07-20 09:50:22.073578,2025-01-10 09:50:22.073578,,2161.8,33,es,Inactivo,Reservado,María Rodríguez,,
AHB-2019-1056,Resolución #072,Resolución,Resoluciones Administrativas,Jurídica,2019-04-25 05:10:38.127090,2020-08-09 05:10:38.127090,TIFF,7617.8,42,es,Inactivo,Confidencial,María Rodríguez,2.0,
AHB-2023-1294,Informe #257,Informe,Informes de Gestión,Archivo Histórico,2024-11-18 13:10:50.167224,2025-08-25 13:10:50.167224,TIFF,4171.6,59,es,Eliminado,Público,Laura Sánchez,3.0,
AHB-2020-1144,Decreto #272,Decreto,Decretos,Jurídica,2021-05-16 06:35:55.183946,2021-11-25 06:35:55.183946,PDF,2389.2,65,es,Activo,Público,Juan Martínez,3.0,
AHB-2021-1198,Resolución #442,Resolución,Resoluciones Administrativas,Planeación,2022-08-21 05:26:53.377926,2024-08-06 05:26:53.377926,DOCX,2023.1,41,es,Transferido,Público,Ana García,1.0,
AHB-2023-1288,Solicitud #822,Solicitud,Solicitudes Ciudadanas,Jurídica,2024-09-28 13:11:50.367892,2026-09-27 13:11:50.367892,PNG,6926.0,39,es,Inactivo,Confidencial,María Rodríguez,5.0,
AHB-2023-1273,Solicitud #763,Solicitud,Solicitudes Ciudadanas,Planeación,2024-05-23 07:44:20.869565,2025-06-19 07:44:20.869565,TIFF,3786.6,12,es,Inactivo,Confidencial,Juan Martínez,5.0,
AHB-2019-1096,Informe #393,Informe,Informes de Gestión,Planeación,2020-04-01 01:43:56.789297,2022-01-05 01:43:56.789297,DOCX,5309.1,72,es,Inactivo,Público,María Rodríguez,2.0,
AHB-2021-1158,Informe #978,Informe,Informes de Gestión,Secretaría General,2021-09-13 02:53:34.715719,2021-10-24 02:53:34.715719,PNG,2558.6,4,es,Transferido,Reservado,Ana García,4.0,
AHB-2022-1208,Circular #180,Circular,Circulares,Secretaría General,2022-11-14 14:05:13.043478,2024-09-03 14:05:13.043478,JPEG,3459.2,25,es,Eliminado,Público,Carlos López,4.0,
AHB-2023-1269,Certificado #580,Certificado,Certificados y Constancias,Jurídica,2024-04-18 22:05:01.003344,2025-11-24 22:05:01.003344,PDF,7975.7,37,es,Eliminado,Reservado,Laura Sánchez,1.0,
AHB-2022-1225,Certificado #262,Certificado,Certificados y Constancias,Archivo Histórico,2023-04-09 02:52:22.474916,2023-11-15 02:52:22.474916,TIFF,2297.6,74,es,Eliminado,Confidencial,Carlos López,1.0,
AHB-2021-1177,Memorando #093,Memorando,Memorandos,Jurídica,2022-02-22 16:00:24.080267,2023-12-17 16:00:24.080267,DOCX,2372.5,25,es,Eliminado,Público,Carlos López,1.0,
AHB-2018-1040,Informe #855,Informe,Informes de Gestión,Jurídica,2018-12-09 11:33:18.662207,2019-02-27 11:33:18.662207,JPEG,717.4,41,es,Activo,Confidencial,Juan Martínez,4.0,
AHB-2018-1006,Acta #497,Acta,Actas de Reunión,Archivo Histórico,2018-02-21 15:58:59.799331,2019-01-03 15:58:59.799331,DOCX,2680.5,27,es,Activo,Público,Laura Sánchez,4.0,
AHB-2019-1081,Solicitud #496,Solicitud,Solicitudes Ciudadanas,Jurídica,2019-11-25 02:16:27.290969,2020-11-17 02:16:27.290969,JPEG,7268.8,61,es,Activo,Reservado,María Rodríguez,5.0,
AHB-2022-1235,Oficio #162,Oficio,Oficios,Secretaría General,2023-07-03 14:30:42.140468,2024-12-04 14:30:42.140468,PDF,1837.2,45,es,Activo,Reservado,Laura Sánchez,5.0,
AHB-2019-1090,Solicitud #330,Solicitud,Solicitudes Ciudadanas,Secretaría General,2020-02-10 01:44:56.989966,2020-08-06 01:44:56.989966,TIFF,5489.9,52,es,Eliminado,Confidencial,Carlos López,2.0,
AHB-2022-1240,Circular #602,Circular,Circulares,Planeación,2023-08-15 07:19:51.973244,2024-07-25 07:19:51.973244,DOCX,6351.4,26,es,Activo,Reservado,Ana García,2.0,
AHB-2020-1125,Circular #896,Circular,Circulares,Hacienda,2020-12-05 04:29:05.819398,2022-03-13 04:29:05.819398,DOCX,1577697.547941614,5,es,Transferido,Reservado,Carlos López,4.0,
AHB-2022-1204,Decreto #699,Decreto,Decretos,Jurídica,2022-10-11 08:25:53.177257,2023-01-06 08:25:53.177257,JPEG,3074.0,46,es,Transferido,Reservado,Carlos López,4.0,
AHB-2023-1280,Solicitud #853,Solicitud,Solicitudes Ciudadanas,Hacienda,2024-07-22 06:53:10.635451,2024-12-11 06:53:10.635451,PDF,5317.5,23,es,Inactivo,Reservado,Carlos López,5.0,
AHB-2020-1136,Acta #892,Acta,Actas de Reunión,Planeación,2021-03-08 22:17:15.451505,2022-04-06 22:17:15.451505,DOCX,1968.8,79,es,Transferido,Público,María Rodríguez,5.0,
AHB-2019-1072,Solicitud #858,Solicitud,Solicitudes Ciudadanas,HACIENDA,2019-09-08 20:47:57.591973,2020-08-15 20:47:57.591973,PNG,4866.8,31,es,Transferido,Público,Ana García,3.0,
AHB-2019-1076,Resolución #502,Resolución,Resoluciones Administrativas,Hacienda,2019-10-13 09:27:17.458193,2021-07-23 09:27:17.458193,DOCX,1351.9,7,es,Inactivo,Confidencial,Ana García,4.0,
AHB-2022-1248,Resolución #866,Resolución,Resoluciones Administrativas,Secretaría General,2023-10-22 08:38:31.705685,2025-10-01 08:38:31.705685,DOCX,2214.4,76,es,Eliminado,Confidencial,Juan Martínez,5.0,
AHB-2021-1196,,Oficio,Oficios,,2022-08-03 21:07:13.444816,2023-06-17 21:07:13.444816,,7595.5,68,es,Activo,Público,Juan Martínez,,
AHB-2022-1226,,Certificado,Certificados y Constancias,,2023-04-17 06:02:12.441471,2024-04-01 06:02:12.441471,,6883.9,70,es,Inactivo,Reservado,Ana García,,
AHB-2021-1172,Acta #701,Acta,Actas de Reunión,Planeación,2022-01-10 23:11:14.247491,2022-12-23 23:11:14.247491,TIFF,2453.0,19,es,Transferido,Confidencial,Juan Martínez,5.0,
AHB-2021-1174,Oficio #295,Oficio,Oficios,Archivo Histórico,2022-01-27 17:30:54.180602,2023-10-02 17:30:54.180602,TIFF,1056.3,5,es,Activo,Público,María Rodríguez,3.0,
AHB-2018-1033,Oficio #956,Oficio,Oficios,Planeación,2018-10-10 14:24:28.896321,2019-10-08 14:24:28.896321,PNG,6732.0,45,es,Inactivo,Reservado,María Rodríguez,,
AHB-2022-1249,Certificado #310,Certificado,Certificados y Constancias,,2023-10-31 06:48:21.672240,2025-08-01 06:48:21.672240,PNG,4342.9,31,es,Transferido,Reservado,Ana García,,
AHB-2020-1126,Resolución #866,Resolución,Resoluciones Administrativas,hacienda,2020-12-13 16:38:55.785953,2021-01-21 16:38:55.785953,DOCX,2633.9,18,es,Eliminado,Reservado,Laura Sánchez,4.0,
AHB-2021-1150,Memorando #083,Memorando,Memorandos,Archivo Histórico,2021-07-06 23:34:54.983277,2021-09-08 23:34:54.983277,PNG,2782.9,61,es,Eliminado,Reservado,Ana García,4.0,
AHB-2022-1220,Circular #238,Circular,Circulares,Jurídica,2023-02-25 02:03:12.642140,2024-03-02 02:03:12.642140,PDF,3297.7,45,es,Inactivo,Confidencial,Laura Sánchez,2.0,
AHB-2018-1046,Contrato #149,Contrato,Contratos y Convenios,Secretaría General,2019-01-29 12:32:18.461538,2021-01-25 12:32:18.461538,DOCX,3664.9,32,es,Eliminado,Confidencial,María Rodríguez,2.0,
AHB-2021-1170,Oficio #241,Oficio,Oficios,Secretaría General,2021-12-24 17:51:34.314381,2023-01-25 17:51:34.314381,DOCX,2405.2,80,es,Activo,Confidencial,María Rodríguez,4.0,
AHB-2021-1155,Circular #880,Circular,Circulares,Planeación,2021-08-18 09:24:04.816053,2023-01-17 09:24:04.816053,DOCX,2487.7,54,es,Inactivo,Reservado,Juan Martínez,3.0,
AHB-2021-1188,Acta #307,Acta,Actas de Reunión,Hacienda,2022-05-27 16:48:33.712374,2024-02-04 16:48:33.712374,TIFF,6900.7,61,es,Inactivo,Público,María Rodríguez,1.0,
AHB-2021-1175,,Decreto,Decretos,,2022-02-05 15:40:44.147157,2022-03-31 15:40:44.147157,,411.8,74,es,Eliminado,Público,Juan Martínez,,
AHB-2022-1241,Circular #307,Circular,Circulares,Archivo Histórico,2023-08-23 20:29:41.939799,2025-05-17 20:29:41.939799,PNG,4780.6,69,es,Inactivo,Confidencial,Carlos López,4.0,
AHB-2019-1054,Oficio #140,Oficio,Oficios,Hacienda,2019-04-08 07:50:58.193979,2019-10-01 07:50:58.193979,PNG,6004.7,32,es,Activo,Confidencial,Laura Sánchez,2.0,
AHB-2022-1213,Oficio #635,Oficio,Oficios,Archivo Histórico,2022-12-27 05:54:22.876254,2024-11-28 05:54:22.876254,PDF,6113.8,29,es,Activo,Confidencial,María Rodríguez,2.0,
AHB-2021-1189,Solicitud #926,Solicitud,Solicitudes Ciudadanas,Jurídica,2022-06-04 23:58:23.678929,2022-11-05 23:58:23.678929,PNG,957.0,8,es,Transferido,Reservado,Juan Martínez,3.0,
AHB-2019-1066,Informe #274,Informe,Informes de Gestión,Secretaría General,2019-07-19 12:48:57.792642,2021-01-06 12:48:57.792642,PDF,3814.8,64,es,Activo,Reservado,Carlos López,1.0,
AHB-2020-1119,Acta #515,Acta,Actas de Reunión,Secretaría General,2020-10-14 19:30:06.020066,2020-12-11 19:30:06.020066,PDF,2267.5,78,es,Activo,Público,Laura Sánchez,,
AHB-2018-1037,Oficio #723,Oficio,Oficios,Planeación,2018-11-13 19:03:48.762541,2020-02-03 19:03:48.762541,PDF,7260.1,66,es,Activo,Público,Carlos López,5.0,
AHB-2020-1103,Certificado #763,Certificado,Certificados y Constancias,Secretaría General,2020-05-31 03:52:46.555183,2021-12-31 03:52:46.555183,JPEG,2929.4,65,es,Inactivo,Reservado,Ana García,4.0,
AHB-2023-1267,Circular #282,Circular,Circulares,Hacienda,2024-04-02 01:45:21.070234,2025-04-14 01:45:21.070234,PNG,3565.7,62,es,Inactivo,Público,Laura Sánchez,3.0,
AHB-2023-1264,Certificado #850,Certificado,Certificados y Constancias,Secretaría General,2024-03-07 05:15:51.170568,2025-01-18 05:15:51.170568,TIFF,6116.7,21,es,Activo,Público,Juan Martínez,2.0,
AHB-2018-1012,Acta #819,Acta,Actas de Reunión,Jurídica,2018-04-14 02:57:59.598662,2018-04-22 02:57:59.598662,JPEG,3001498.523751928,70,es,Inactivo,Confidencial,Ana García,1.0,
AHB-2019-1065,Memorando #520,Memorando,Memorandos,Secretaría General,2019-07-11 01:39:07.826086,2020-08-25 01:39:07.826086,TIFF,1946.4,40,es,Transferido,Confidencial,Laura Sánchez,3.0,
AHB-2020-1110,Contrato #680,Contrato,Contratos y Convenios,Secretaría General,2020-07-29 22:01:36.321070,2020-12-31 22:01:36.321070,PNG,4946.5,17,es,Transferido,Confidencial,Ana García,2.0,
AHB-2018-1009,,Acta,Actas de Reunión,,2018-03-19 13:28:29.698996,2019-04-28 13:28:29.698996,,6671.5,80,es,Transferido,Confidencial,María Rodríguez,,
AHB-2019-1081,Solicitud #496,Solicitud,Solicitudes Ciudadanas,Jurídica,2019-11-25 02:16:27.290969,2020-11-17 02:16:27.290969,JPEG,7268.8,61,es,Activo,Reservado,María Rodríguez,5.0,
AHB-2022-1204,Decreto #699,Decreto,Decretos,Jurídica,2022-10-11 08:25:53.177257,2023-01-06 08:25:53.177257,JPEG,3074.0,46,es,Transferido,Reservado,Carlos López,4.0,
AHB-2021-1166,Acta #555,Acta,Actas de Reunión,Secretaría General,2021-11-20 16:12:14.448160,2022-05-02 16:12:14.448160,TIFF,6093.7,75,es,Eliminado,Confidencial,Juan Martínez,1.0,
AHB-2018-1024,Resolución #935,Resolución,Resoluciones Administrativas,Planeación,2018-07-25 18:55:59.197324,2019-01-21 18:55:59.197324,DOCX,6409.0,54,es,Inactivo,Público,Ana García,,
AHB-2022-1203,,Memorando,Memorandos,,2022-10-02 18:16:03.210702,2024-09-27 18:16:03.210702,,6216.8,70,es,Eliminado,Público,Ana García,,
AHB-2021-1195,Memorando #301,Memorando,Memorandos,Jurídica,2022-07-26 13:57:23.478260,2023-07-20 13:57:23.478260,PDF,6498.6,62,es,Activo,Reservado,María Rodríguez,2.0,
AHB-2022-1202,Decreto #422,Decreto,Decretos,Planeación,2022-09-24 10:06:13.244147,2024-05-26 10:06:13.244147,PDF,4966.4,44,es,Inactivo,Reservado,Laura Sánchez,4.0,
AHB-2021-1180,Solicitud #779,Solicitud,Solicitudes Ciudadanas,Planeación,2022-03-20 05:29:53.979933,2023-02-21 05:29:53.979933,PNG,6034.7,41,es,Activo,Público,Carlos López,5.0,
AHB-2023-1290,Circular #225,Circular,Circulares,Jurídica,2024-10-15 14:31:30.301003,2025-02-20 14:31:30.301003,PNG,59.2,78,es,Eliminado,Público,Laura Sánchez,1.0,
AHB-2022-1234,Solicitud #560,Solicitud,Solicitudes Ciudadanas,Hacienda,2023-06-24 19:20:52.173913,2023-10-06 19:20:52.173913,DOCX,962.5,11,es,Eliminado,Reservado,Ana García,4.0,
AHB-2023-1259,Resolución #589,Resolución,Resoluciones Administrativas,Hacienda,2024-01-24 09:26:41.337792,2024-11-11 09:26:41.337792,PNG,4717.6,61,es,Inactivo,Confidencial,María Rodríguez,1.0,
AHB-2022-1224,Memorando #471,Memorando,Memorandos,Planeación,2023-03-31 04:42:32.508361,2023-10-02 04:42:32.508361,JPEG,2340.4,16,es,Inactivo,Confidencial,Ana García,2.0,
AHB-2023-1262,Contrato #303,Contrato,Contratos y Convenios,Secretaría General,2024-02-19 04:56:11.237458,2025-08-19 04:56:11.237458,PNG,6580.3,1,es,Inactivo,Confidencial,María Rodríguez,4.0,
AHB-2022-1214,Informe #700,Informe,Informes de Gestión,Secretaría General,2023-01-04 19:04:12.842809,2024-06-27 19:04:12.842809,DOCX,5022.8,39,es,Activo,Confidencial,María Rodríguez,4.0,
AHB-2018-1048,Certificado #196,Certificado,Certificados y Constancias,Jurídica,2019-02-15 22:51:58.394648,2020-04-18 22:51:58.394648,PDF,7043.1,13,es,Inactivo,Público,María Rodríguez,5.0,
AHB-2018-1016,Solicitud #319,Solicitud,Solicitudes Ciudadanas,Archivo Histórico,2018-05-18 04:37:19.464882,2018-10-06 04:37:19.464882,PDF,3842.0,32,es,Activo,Reservado,Laura Sánchez,5.0,
AHB-2022-1211,,Contrato,Contratos y Convenios,,2022-12-10 07:34:42.943143,2024-10-27 07:34:42.943143,,7682.9,72,es,Transferido,Confidencial,Laura Sánchez,,
AHB-2020-1133,Contrato #740,Contrato,Contratos y Convenios,Planeación,2021-02-11 15:47:45.551839,2022-11-03 15:47:45.551839,PNG,4468.5,66,es,Inactivo,Confidencial,Laura Sánchez,4.0,
AHB-2023-1287,Informe #622,Informe,Informes de Gestión,Jurídica,2024-09-20 00:02:00.401337,2025-01-04 00:02:00.401337,PNG,6191.8,2,es,Inactivo,Público,Juan Martínez,5.0,
AHB-2018-1014,Certificado #727,Certificado,Certificados y Constancias,Hacienda,2018-04-30 23:17:39.531772,2019-03-05 23:17:39.531772,PDF,7051.2,39,es,Eliminado,Confidencial,Carlos López,2.0,
AHB-2023-1271,Certificado #703,Certificado,Certificados y Constancias,Planeación,2024-05-06 00:24:40.936454,2023-05-07 00:24:40.936454,TIFF,6523.2,37,es,Eliminado,Confidencial,María Rodríguez,5.0,
AHB-2018-1030,Oficio #853,Oficio,Oficios,Hacienda,2018-09-14 17:54:58.996655,2020-02-09 17:54:58.996655,JPEG,5367.5,19,es,Eliminado,Reservado,Laura Sánchez,3.0,
AHB-2022-1237,,Resolución,Resoluciones Administrativas,,2023-07-20 09:50:22.073578,2025-01-10 09:50:22.073578,,2161.8,33,es,Inactivo,Reservado,María Rodríguez,,
AHB-2022-1216,Solicitud #510,Solicitud,Solicitudes Ciudadanas,Archivo Histórico,2023-01-21 23:23:52.775919,2024-11-13 23:23:52.775919,DOCX,695.4,27,es,Activo,Reservado,Ana García,3.0,
AHB-2019-1085,Oficio #782,Oficio,Oficios,Hacienda,2019-12-29 00:55:47.157190,2020-08-27 00:55:47.157190,JPEG,4757.2,14,es,Transferido,Reservado,Ana García,2.0,
AHB-2019-1080,Resolución #552,Resolución,Resoluciones Administrativas,Archivo Histórico,2019-11-16 05:06:37.324414,2020-06-02 05:06:37.324414,JPEG,4627.6,77,es,Activo,Confidencial,Juan Martínez,5.0,
AHB-2018-1001,Certificado #950,Certificado,Certificados y Constancias,Secretaría General,2018-01-09 21:09:49.966555,2019-12-05 21:09:49.966555,DOCX,1249.1,4,es,Eliminado,Público,Juan Martínez,5.0,
AHB-2020-1117,Decreto #038,Decreto,Decretos,Hacienda,2020-09-27 15:10:26.086956,2021-07-06 15:10:26.086956,JPEG,2001.7,19,es,Inactivo,Confidencial,Laura Sánchez,2.0,
AHB-2021-1194,Resolución #058,Resolución,Resoluciones Administrativas,Jurídica,2022-07-17 23:47:33.511705,2022-12-09 23:47:33.511705,TIFF,1256.2,42,es,Eliminado,Público,Juan Martínez,1.0,
AHB-2020-1132,Circular #016,Circular,Circulares,Archivo Histórico,2021-02-02 18:37:55.585284,2021-05-06 18:37:55.585284,JPEG,7046.9,78,es,Transferido,Reservado,Carlos López,5.0,
AHB-2023-1279,Decreto #509,Decreto,Decretos,Secretaría General,2024-07-13 07:43:20.668896,2026-03-25 07:43:20.668896,JPEG,3989.0,54,es,Inactivo,Confidencial,Juan Martínez,5.0,
AHB-2018-1008,Solicitud #030,CIRCULAR,Solicitudes Ciudadanas,Hacienda,2018-03-11 02:18:39.732441,2018-10-23 02:18:39.732441,JPEG,545.0,54,es,Eliminado,Confidencial,Carlos López,3.0,
AHB-2018-1018,Acta #015,Acta,Actas de Reunión,Archivo Histórico,2018-06-04 11:56:59.397993,2019-03-28 11:56:59.397993,TIFF,2424.0,39,es,Transferido,Reservado,Juan Martínez,2.0,
AHB-2021-1171,Informe #647,Informe,Informes de Gestión,Hacienda,2022-01-02 04:01:24.280936,2023-02-25 04:01:24.280936,PDF,2919.0,49,es,Inactivo,Público,María Rodríguez,5.0,
AHB-2020-1128,Solicitud #103,Solicitud,Solicitudes Ciudadanas,Hacienda,2020-12-30 11:58:35.719063,2022-01-12 11:58:35.719063,JPEG,2870.9,61,es,Transferido,Confidencial,Carlos López,4.0,
AHB-2023-1285,Informe #819,Informe,Informes de Gestión,Planeación,2024-09-02 16:42:20.468227,2025-09-18 16:42:20.468227,TIFF,2056.6,38,es,Activo,Reservado,Laura Sánchez,2.0,
AHB-2022-1200,Solicitud #251,Solicitud,Solicitudes Ciudadanas,Planeación,2022-09-07 05:46:33.311036,2023-10-14 05:46:33.311036,DOCX,3358.6,59,es,Transferido,Reservado,Carlos López,1.0,
AHB-2018-1021,Contrato #096,Contrato,Contratos y Convenios,Hacienda,2018-06-30 03:26:29.297658,2018-07-08 03:26:29.297658,JPEG,6694.0,8,es,Transferido,Confidencial,María Rodríguez,3.0,
AHB-2018-1005,,Circular,Circulares,,2018-02-13 03:49:09.832775,2019-12-29 03:49:09.832775,,3348.2,34,es,Inactivo,Reservado,Laura Sánchez,,
AHB-2022-1247,Oficio #468,Oficio,Oficios,Archivo Histórico,2023-10-13 19:28:41.739130,2024-04-16 19:28:41.739130,DOCX,3249.9,79,es,Transferido,Confidencial,Ana García,5.0,
AHB-2019-1057,,Solicitud,Solicitudes Ciudadanas,,2019-05-03 22:20:28.093645,2021-04-09 22:20:28.093645,,1832.6,74,es,Activo,Reservado,Laura Sánchez,,
AHB-2023-1266,,Solicitud,Solicitudes Ciudadanas,,2024-03-24 07:35:31.103678,2024-10-09 07:35:31.103678,,4175.8,61,es,Transferido,Reservado,Ana García,,
AHB-2023-1268,Resolución #009,Resolución,Resoluciones Administrativas,Jurídica,2024-04-10 13:55:11.036789,2026-03-06 13:55:11.036789,PDF,2261.3,26,es,Eliminado,Público,Laura Sánchez,1.0,
AHB-2019-1098,Acta #877,Acta,Actas de Reunión,Secretaría General,2020-04-18 06:03:36.722408,2021-08-07 06:03:36.722408,TIFF,5198.0,47,es,Transferido,Confidencial,Laura Sánchez,3.0,
AHB-2019-1089,Informe #956,Informe,Informes de Gestión,Planeación,2020-02-01 06:35:07.023411,2020-08-22 06:35:07.023411,JPEG,2447.6,47,es,Eliminado,Reservado,María Rodríguez,2.0,
AHB-2022-1233,,Informe,Informes de Gestión,Planeacion,2023-06-16 05:11:02.207357,2024-04-14 05:11:02.207357,,1622.7,37,es,Eliminado,Confidencial,María Rodríguez,,
AHB-2020-1148,,Circular,Circulares,,2021-06-19 19:15:15.050167,2022-11-15 19:15:15.050167,JPEG,1182846.9919324054,73,es,Eliminado,Público,María Rodríguez,,
AHB-2022-1207,Contrato #175,Contrato,Contratos y Convenios,Secretaría General,2022-11-06 05:55:23.076923,2023-11-27 05:55:23.076923,PNG,4728.8,62,es,Eliminado,Confidencial,Ana García,5.0,
AHB-2019-1071,Oficio #306,Oficio,Oficios,Jurídica,2019-08-31 10:38:07.625418,2020-04-14 10:38:07.625418,PNG,2982.7,59,es,Transferido,Reservado,Laura Sánchez,3.0,
AHB-2021-1156,Decreto #547,Decreto,Decretos,Jurídica,2021-08-27 03:33:54.782608,2023-06-20 03:33:54.782608,PDF,1882.8,75,es,Transferido,Reservado,Ana García,5.0,
AHB-2023-1273,Solicitud #763,Solicitud,Solicitudes Ciudadanas,Planeación,2024-05-23 07:44:20.869565,2025-06-19 07:44:20.869565,TIFF,3786.6,12,es,Inactivo,Confidencial,Juan Martínez,5.0,
AHB-2019-1067,Contrato #841,Contrato,Contratos y Convenios,Hacienda,2019-07-28 06:58:47.759197,2019-10-17 06:58:47.759197,PNG,959.4,3,es,Activo,Confidencial,María Rodríguez,3.0,
AHB-2020-1127,Memorando #451,Memorando,Memorandos,Secretaría General,2020-12-21 23:48:45.752508,2021-02-18 23:48:45.752508,DOCX,3926.0,43,es,Inactivo,Confidencial,Carlos López,2.0,
AHB-2020-1143,Resolución #993,Resolución,Resoluciones Administrativas,Jurídica,2021-05-08 01:26:05.217391,2023-03-07 01:26:05.217391,JPEG,187.1,44,es,Transferido,Reservado,Carlos López,1.0,
AHB-2019-1070,Informe #744,Informe,Informes de Gestión,Jurídica,2019-08-23 02:28:17.658862,2020-08-05 02:28:17.658862,PNG,2087.1,65,es,Eliminado,Público,Ana García,1.0,
AHB-2023-1276,Certificado #933,Certificado,Certificados y Constancias,Archivo Histórico,2024-06-17 23:13:50.769230,2023-06-18 23:13:50.769230,TIFF,881.6,69,es,Inactivo,Reservado,Ana García,5.0,
AHB-2020-1139,Decreto #159,Decreto,Decretos,Jurídica,2021-04-03 21:46:45.351170,2022-10-23 21:46:45.351170,PNG,1960.6,51,es,Transferido,Público,María Rodríguez,4.0,
AHB-2022-1243,Acta #986,OFICIO,Actas de Reunión,Jurídica,2023-09-09 16:49:21.872909,2025-05-13 16:49:21.872909,PNG,7373.5,9999,es,Transferido,Público,Carlos López,1.0,
AHB-2022-1209,Decreto #081,Decreto,Decretos,Jurídica,2022-11-23 05:15:03.010033,2023-10-26 05:15:03.010033,DOCX,4570.6,6000,es,Transferido,Público,María Rodríguez,2.0,
AHB-2019-1074,Solicitud #594,Solicitud,Solicitudes Ciudadanas,Jurídica,2019-09-26 02:07:37.525083,2019-12-14 02:07:37.525083,PNG,5760.9,75,es,Inactivo,Confidencial,Laura Sánchez,2.0,
AHB-2021-1157,Memorando #390,Memorando,Memorandos,Secretaría General,2021-09-04 09:43:44.749163,2022-02-28 09:43:44.749163,JPEG,5784.2,5000,es,Inactivo,Público,Laura Sánchez,,
AHB-2022-1236,Memorando #076,Memorando,Memorandos,Planeación,2023-07-12 00:40:32.107023,2025-01-15 00:40:32.107023,JPEG,1234.5,57,es,Inactivo,Reservado,Laura Sánchez,4.0,
AHB-2023-1292,Certificado #195,Certificado,Certificados y Constancias,Planeación,2024-11-01 12:51:10.234113,2023-11-02 12:51:10.234113,PNG,3722.7,43,es,Eliminado,Público,María Rodríguez,5.0,
AHB-2022-1230,Certificado #477,Certificado,Certificados y Constancias,Archivo Histórico,2023-05-21 15:41:32.307692,2023-10-09 15:41:32.307692,PDF,6340.4,19,es,Activo,Público,Carlos López,5.0,
AHB-2018-1039,Memorando #426,Memorando,Memorandos,Secretaría General,2018-11-30 17:23:28.695652,2020-03-15 17:23:28.695652,TIFF,5320.8,14,es,Inactivo,Público,Carlos López,2.0,
AHB-2023-1297,Memorando #739,Memorando,Memorandos,Jurídica,2024-12-14 11:40:20.066889,2025-05-14 11:40:20.066889,PNG,3564.2,64,es,Activo,Reservado,María Rodríguez,4.0,
AHB-2023-1265,Acta #675,Acta,Actas de Reunión,Secretaría General,2024-03-15 18:25:41.137123,2025-07-09 18:25:41.137123,TIFF,1442.8,53,es,Inactivo,Reservado,Carlos López,5.0,
AHB-2023-1256,Circular #391,Circular,Circulares,Planeación,2023-12-30 02:57:11.438127,2024-08-30 02:57:11.438127,PDF,1869.9,13,es,Inactivo,Confidencial,Juan Martínez,2.0,
AHB-2018-1038,Solicitud #280,Solicitud,Solicitudes Ciudadanas,Archivo Histórico,2018-11-22 04:13:38.729096,2018-12-12 04:13:38.729096,JPEG,4755.5,72,es,Eliminado,Público,Ana García,3.0,
AHB-2020-1116,Contrato #988,Contrato,Contratos y Convenios,Planeación,2020-09-19 06:00:36.120401,2021-07-27 06:00:36.120401,TIFF,2612.3,47,es,Activo,Público,María Rodríguez,2.0,
AHB-2019-1097,Acta #240,Acta,Actas de Reunión,Hacienda,2020-04-09 11:53:46.755852,2021-08-28 11:53:46.755852,DOCX,598.2,25,es,Transferido,Reservado,Ana García,5.0,
AHB-2022-1245,Circular #707,Circular,Circulares,Archivo Histórico,2023-09-26 22:09:01.806020,2024-03-02 22:09:01.806020,PDF,3776.1,18,es,Eliminado,Confidencial,María Rodríguez,1.0,
AHB-2021-1193,Decreto #816,Decreto,Decretos,Planeación,2022-07-09 13:37:43.545150,2024-05-19 13:37:43.545150,JPEG,5507.3,72,es,Transferido,Público,Carlos López,1.0,
AHB-2018-1022,Resolución #231,Resolución,Resoluciones Administrativas,Planeación,2018-07-08 11:36:19.264214,2019-11-30 11:36:19.264214,DOCX,4328.9,21,es,Activo,Reservado,Juan Martínez,2.0,
AHB-2021-1154,Acta #691,Acta,Actas de Reunión,Archivo Histórico,2021-08-10 00:14:14.849498,2021-11-05 00:14:14.849498,JPEG,3657.3,15,es,Eliminado,Confidencial,María Rodríguez,1.0,
AHB-2021-1159,Resolución #325,Resolución,Resoluciones Administrativas,Jurídica,2021-09-21 20:03:24.682274,2022-06-02 20:03:24.682274,DOCX,5955.9,77,es,Inactivo,Confidencial,Laura Sánchez,1.0,
AHB-2020-1138,Memorando #994,Memorando,Memorandos,Hacienda,2021-03-26 05:36:55.384615,2022-11-11 05:36:55.384615,DOCX,4463.7,8500,es,Inactivo,Reservado,Juan Martínez,2.0,
AHB-2023-1258,Acta #368,Acta,Actas de Reunión,Hacienda,2024-01-16 05:16:51.371237,2025-10-03 05:16:51.371237,DOCX,6891.1,43,es,Activo,Público,Carlos López,2.0,
AHB-2018-1025,Circular #117,Circular,Circulares,Archivo Hist.,2018-08-03 06:05:49.163879,2018-12-14 06:05:49.163879,DOCX,7187.6,62,es,Eliminado,Reservado,Carlos López,5.0,
AHB-2021-1183,Oficio #894,Oficio,Oficios,Archivo Histórico,2022-04-14 15:59:23.879598,2024-03-09 15:59:23.879598,JPEG,2310.5,53,es,Inactivo,Reservado,Carlos López,2.0,
AHB-2018-1013,Oficio #246,Certificado.,Oficios,Hacienda,2018-04-22 10:07:49.565217,2018-11-18 10:07:49.565217,TIFF,205.3,38,es,Inactivo,Público,Laura Sánchez,2.0,
AHB-2020-1145,Acta #347,Acta,Actas de Reunión,Planeación,2021-05-25 05:45:45.150501,2022-04-20 05:45:45.150501,PDF,3265.0,66,es,Inactivo,Reservado,Juan Martínez,3.0,
AHB-2022-1212,Oficio #392,Oficio,Oficios,Hacienda,2022-12-18 14:44:32.909699,2024-12-07 14:44:32.909699,TIFF,838.9,39,es,Activo,Público,Ana García,3.0,
AHB-2022-1206,Solicitud #185,Solicitud,Solicitudes Ciudadanas,Secretaría General,2022-10-28 16:45:33.110367,2024-05-23 16:45:33.110367,TIFF,2414.0,79,es,Activo,Confidencial,Carlos López,1.0,
AHB-2019-1058,Circular #792,Circular,Circulares,Jurídica,2019-05-12 05:30:18.060200,2020-05-17 05:30:18.060200,DOCX,595.5,41,es,Activo,Confidencial,Ana García,1.0,
AHB-2022-1246,Certificado #257,Certificado,Certificados y Constancias,Archivo Histórico,2023-10-05 08:18:51.772575,2024-03-20 08:18:51.772575,JPEG,2467.5,14,es,Activo,Confidencial,Ana García,5.0,
AHB-2018-1037,Oficio #723,Oficio,Oficios,Planeación,2018-11-13 19:03:48.762541,2020-02-03 19:03:48.762541,PDF,7260.1,66,es,Activo,Público,Carlos López,5.0,
AHB-2019-1064,Circular #807,RESOLUCIÓN,Circulares,Jurídica,2019-07-02 10:29:17.859531,2021-02-25 10:29:17.859531,DOCX,4989.6,64,es,Transferido,Reservado,Juan Martínez,5.0,
AHB-2023-1253,Decreto #495,Decreto,Decretos,Planeación,2023-12-04 07:27:41.538461,2025-01-28 07:27:41.538461,PDF,5889.5,29,es,Transferido,Reservado,Juan Martínez,4.0,
AHB-2022-1223,Oficio #261,Oficio,Oficios,Secretaría General,2023-03-22 14:32:42.541806,2024-02-02 14:32:42.541806,JPEG,122697.03522575308,37,es,Eliminado,Reservado,Juan Martínez,1.0,
AHB-2019-1052,Certificado #765,Certificado,Certificados y Constancias,Planeación,2019-03-22 03:31:18.260869,2019-04-13 03:31:18.260869,PDF,6687.5,79,es,Inactivo,Público,Juan Martínez,5.0,
AHB-2019-1099,Memorando #795,Memorando,Memorandos,Jurídica,2020-04-26 20:13:26.688963,2021-11-25 20:13:26.688963,TIFF,150.6,71,es,Transferido,Confidencial,Ana García,5.0,
AHB-2018-1034,Resolución #734,Resolución,Resoluciones Administrativas,Secretaría General,2018-10-19 02:34:18.862876,2019-01-01 02:34:18.862876,PNG,7360.4,52,es,Activo,Reservado,Carlos López,5.0,
AHB-2019-1078,,Informe,Informes de Gestión,,2019-10-30 11:46:57.391304,2021-04-26 11:46:57.391304,PDF,4650.5,37,es,Eliminado,Público,Carlos López,,
AHB-2021-1150,Memorando #083,Memorando,Memorandos,Archivo Histórico,2021-07-06 23:34:54.983277,2021-09-08 23:34:54.983277,PNG,2782.9,61,es,Eliminado,Reservado,Ana García,4.0,
AHB-2020-1120,Informe #989,Informe,Informes de Gestión,Planeación,2020-10-23 11:39:55.986622,2021-10-19 11:39:55.986622,JPEG,3633.9,66,es,Eliminado,Reservado,Carlos López,3.0,
AHB-2021-1184,Circular #103,Circular,Circulares,Jurídica,2022-04-23 08:09:13.846153,2023-05-24 08:09:13.846153,JPEG,3855.8,27,es,Eliminado,Público,Ana García,1.0,
AHB-2019-1066,Informe #274,Informe,Informes de Gestión,Secretaría General,2019-07-19 12:48:57.792642,2021-01-06 12:48:57.792642,PDF,3814.8,64,es,Activo,Reservado,Carlos López,1.0,
AHB-2021-1167,Resolución #037,Resolución,Resoluciones Administrativas,Planeación,2021-11-29 06:22:04.414715,2022-12-07 06:22:04.414715,PDF,4794.5,62,es,Activo,Confidencial,Carlos López,3.0,
AHB-2023-1272,Solicitud #797,Solicitud,Solicitudes Ciudadanas,Hacienda,2024-05-14 15:34:30.903010,2025-02-27 15:34:30.903010,JPEG,7754.0,8,es,Eliminado,Público,Juan Martínez,4.0,
AHB-2019-1069,Solicitud #290,Solicitud,Solicitudes Ciudadanas,Hacienda,2019-08-14 10:18:27.692307,2020-06-27 10:18:27.692307,PDF,3747.0,51,es,Transferido,Público,María Rodríguez,5.0,
AHB-2021-1187,Decreto #711,Decreto,Decretos,Archivo Histórico,2022-05-18 21:38:43.745819,2024-03-21 21:38:43.745819,PNG,815548.7588575742,79,es,Eliminado,Reservado,Juan Martínez,4.0,
AHB-2021-1173,Resolución #944,Resolución,Resoluciones Administrativas,Archivo Histórico,2022-01-19 12:21:04.214046,2023-12-16 12:21:04.214046,PDF,5678.7,32,es,Inactivo,Público,María Rodríguez,3.0,
AHB-2018-1028,Oficio #121,Oficio,Oficios,Secretaría General,2018-08-29 00:35:19.063545,2020-08-19 00:35:19.063545,PDF,3910.9,44,es,Inactivo,Confidencial,Ana García,5.0,
AHB-2020-1135,Decreto #420,Decreto,Decretos,Hacienda,2021-02-28 17:07:25.484949,2022-08-02 17:07:25.484949,PDF,1568.9,42,es,Transferido,Público,Ana García,4.0,
AHB-2020-1131,Contrato #468,Contrato,Contratos y Convenios,Hacienda,2021-01-25 13:28:05.618729,2022-11-17 13:28:05.618729,DOCX,4789.4,20,es,Eliminado,Reservado,Ana García,3.0,
AHB-2023-1281,Certificado #926,Certificado,Certificados y Constancias,PLANEACIÓN,2024-07-30 18:03:00.602006,2025-04-13 18:03:00.602006,JPEG,3233.6,5,es,Transferido,Reservado,Juan Martínez,,
AHB-2021-1165,,Memorando,Memorandos,,2021-11-12 05:02:24.481605,2023-07-30 05:02:24.481605,PNG,4737.2,7,es,Eliminado,Reservado,Ana García,,
AHB-2023-1299,Solicitud #676,Solicitud,Solicitudes Ciudadanas,Planeación,2024-12-31 13:00:00.000000,2025-04-04 13:00:00.000000,PNG,2173.1,65,es,Inactivo,Confidencial,Ana García,4.0,
AHB-2018-1042,Memorando #484,Memorando,Memorandos,,2018-12-26 12:52:58.595317,2017-12-26 12:52:58.595317,PDF,6941.5,60,es,Eliminado,Confidencial,Laura Sánchez,,
AHB-2018-1023,Oficio #862,Oficio,Oficios,Jurídica,2018-07-17 07:46:09.230769,2019-10-01 07:46:09.230769,TIFF,5890.3,57,es,Inactivo,Confidencial,Carlos López,2.0,
AHB-2019-1091,Certificado #891,Certificado,Certificados y Constancias,Planeación,2020-02-18 12:54:46.956521,2021-10-27 12:54:46.956521,PDF,6453.9,47,es,Activo,Reservado,Juan Martínez,1.0,
AHB-2023-1293,Resolución #636,Resolución,Resoluciones Administrativas,Hacienda,2024-11-10 06:01:00.200668,2025-04-24 06:01:00.200668,PNG,480.9,37,es,Eliminado,Público,Laura Sánchez,1.0,
AHB-2022-1222,Oficio #654,Oficio,Oficios,Jurídica,2023-03-14 04:22:52.575250,2024-03-20 04:22:52.575250,PNG,3785.8,36,es,Eliminado,Público,Ana García,5.0,
AHB-2021-1182,,Decreto,Decretos,,2022-04-06 05:49:33.913043,2023-10-30 05:49:33.913043,,147.5,20,es,Inactivo,Confidencial,Ana García,,
AHB-2019-1087,Memorando #387,Memorando,Memorandos,Jurídica,2020-01-15 07:15:27.090301,2020-06-13 07:15:27.090301,PDF,1980.7,18,es,Activo,Confidencial,Juan Martínez,3.0,
AHB-2018-1041,Circular #495,Circular,Circulares,Planeación,2018-12-17 19:43:08.628762,2019-11-03 19:43:08.628762,PDF,3457.5,31,es,Transferido,Confidencial,María Rodríguez,1.0,
AHB-2020-1100,Contrato #421,Contrato,Contratos y Convenios,Secretaría General,2020-05-05 07:23:16.655518,2021-12-20 07:23:16.655518,PDF,3389.5,37,es,Eliminado,Reservado,Carlos López,2.0,
AHB-2023-1260,Decreto #303,Decreto,Decretos,Archivo Histórico,2024-02-01 21:36:31.304347,2025-05-06 21:36:31.304347,JPEG,214.9,13,es,Transferido,Reservado,Carlos López,4.0,
AHB-2019-1094,Resolución #245,Resolución,Resoluciones Administrativas,Secretaría General,2020-03-15 01:24:16.856187,2020-06-01 01:24:16.856187,JPEG,376.5,7,es,Eliminado,Público,Ana García,5.0,
AHB-2019-1075,Informe #676,Informe,Informes de Gestión,Archivo Histórico,2019-10-04 13:17:27.491638,2021-03-10 13:17:27.491638,PDF,6233.4,46,es,Activo,Público,Ana García,2.0,
AHB-2018-1031,Oficio #158,Oficio,Oficios,Jurídica,2018-09-23 09:04:48.963210,2020-04-18 09:04:48.963210,TIFF,6395.2,41,es,Transferido,Público,Laura Sánchez,5.0,
AHB-2021-1190,Solicitud #030,Solicitud,Solicitudes Ciudadanas,Jurídica,2022-06-13 20:08:13.645484,2023-05-21 20:08:13.645484,JPEG,569.5,18,es,Activo,Confidencial,Ana García,5.0,
AHB-2021-1191,Circular #048,Circular,Circulares,Hacienda,2022-06-22 03:18:03.612040,2022-09-14 03:18:03.612040,DOCX,3959.4,67,es,Eliminado,Público,Laura Sánchez,4.0,
AHB-2019-1093,Acta #715,Acta,Actas de Reunión,Planeación,2020-03-06 17:14:26.889632,2022-01-07 17:14:26.889632,PNG,4549.2,52,es,Inactivo,Reservado,María Rodríguez,4.0,
AHB-2018-1045,,Decreto,Decretos,,2019-01-21 03:22:28.494983,2020-03-11 03:22:28.494983,,2652.5,58,es,Transferido,Confidencial,Carlos López,,
AHB-2021-1161,Memorando #736,contrato ,Memorandos,Jurídica,2021-10-08 22:23:04.615384,2022-12-31 22:23:04.615384,PDF,5536.8,34,es,Eliminado,Público,Juan Martínez,2.0,
AHB-2023-1286,Circular #236,Circular,Circulares,Jurídica,2024-09-11 09:52:10.434782,2026-04-02 09:52:10.434782,JPEG,971.6,5,es,Eliminado,Público,Ana García,2.0,
AHB-2020-1108,Resolución #391,Resolución,Resoluciones Administrativas,Archivo Histórico,2020-07-12 18:41:56.387959,2022-04-16 18:41:56.387959,JPEG,4197.9,79,es,Eliminado,Confidencial,María Rodríguez,3.0,
AHB-2020-1105,Decreto #723,Decreto,Decretos,Planeación,2020-06-17 00:12:26.488294,2022-03-30 00:12:26.488294,PDF,3704.9,71,es,Transferido,Reservado,Ana García,3.0,
AHB-2020-1149,Certificado #666,Certificado,Certificados y Constancias,Jurídica,2021-06-28 04:25:05.016722,2021-11-30 04:25:05.016722,DOCX,4450.1,39,es,Inactivo,Confidencial,Ana García,2.0,
AHB-2018-1029,Circular #664,Circular,Circulares,Hacienda,2018-09-06 08:45:09.030100,2019-04-30 08:45:09.030100,PDF,3141.4,78,es,Inactivo,Público,Juan Martínez,1.0,
AHB-2021-1181,Resolución #649,Resolución,Resoluciones Administrativas,Jurídica,2022-03-28 17:39:43.946488,2022-07-03 17:39:43.946488,TIFF,865.6,54,es,Transferido,Confidencial,Laura Sánchez,5.0,
AHB-2020-1109,,Resolución,Resoluciones Administrativas,,2020-07-21 11:51:46.354515,2021-06-10 11:51:46.354515,,5221.1,16,es,Activo,Público,María Rodríguez,,
AHB-2021-1163,Decreto #778,Decreto,Decretos,Jurídica,2021-10-26 02:42:44.548494,2023-04-16 02:42:44.548494,DOCX,5921.9,74,es,Eliminado,Reservado,Laura Sánchez,4.0,
AHB-2020-1122,Acta #340,Acta,Actas de Reunión,Hacienda,2020-11-09 09:59:35.919732,2021-01-24 09:59:35.919732,PDF,4580.3,65,es,Eliminado,Reservado,María Rodríguez,1.0,
AHB-2018-1027,Resolución #970,Resolución,Resoluciones Administrativas,Jurídica,2018-08-20 09:25:29.096989,2020-02-17 09:25:29.096989,PDF,2219.8,27,es,Transferido,Confidencial,Juan Martínez,3.0,
AHB-2020-1104,Solicitud #485,Solicitud,Solicitudes Ciudadanas,,2020-06-08 13:02:36.521739,2022-03-29 13:02:36.521739,TIFF,7138.0,7500,es,Eliminado,Reservado,Juan Martínez,,
AHB-2019-1060,Informe #875,Informe,Informes de Gestión,Hacienda,2019-05-29 04:49:57.993311,2020-08-19 04:49:57.993311,PNG,370.1,21,es,Inactivo,Público,Juan Martínez,2.0,
AHB-2020-1146,Certificado #639,Certificado,Certificados y Constancias,Archivo Histórico,2021-06-02 09:55:35.117056,2023-02-12 09:55:35.117056,JPEG,1984.3,69,es,Inactivo,Público,Ana García,1.0,
AHB-2019-1083,Informe #341,Informe,Informes de Gestión,Secretaría General,2019-12-11 21:36:07.224080,2021-10-02 21:36:07.224080,JPEG,7534.7,69,es,Transferido,Confidencial,Carlos López,2.0,
AHB-2023-1263,Solicitud #023,Solicitud,Solicitudes Ciudadanas,Hacienda,2024-02-27 14:06:01.204013,2024-10-29 14:06:01.204013,PNG,4631.2,71,es,Transferido,Público,María Rodríguez,2.0,
AHB-2022-1227,Certificado #010,Certificado,Certificados y Constancias,Planeación,2023-04-25 22:12:02.408026,2024-09-04 22:12:02.408026,JPEG,615.9,49,es,Inactivo,Público,Ana García,3.0,
AHB-2023-1269,Certificado #580,Certificado,Certificados y Constancias,Jurídica,2024-04-18 22:05:01.003344,2025-11-24 22:05:01.003344,PDF,7975.7,37,es,Eliminado,Reservado,Laura Sánchez,1.0,
AHB-2021-1151,Informe #873,Informe,Informes de Gestión,Hacienda,2021-07-15 07:44:44.949832,2022-10-20 07:44:44.949832,DOCX,7973.2,3,es,Transferido,Público,Carlos López,2.0,
AHB-2018-1000,Solicitud #135,Solicitud,Solicitudes Ciudadanas,Hacienda,2018-01-01 17:00:00.000000,2019-11-27 17:00:00.000000,TIFF,690.6,6,es,Eliminado,Reservado,Laura Sánchez,3.0,
AHB-2023-1270,Contrato #886,Contrato,Contratos y Convenios,Jurídica,2024-04-27 15:14:50.969899,2025-07-23 15:14:50.969899,PNG,3515.3,42,es,Inactivo,Confidencial,Carlos López,4.0,
AHB-2019-1088,Circular #467,Circular,Circulares,Hacienda,2020-01-23 19:25:17.056856,2020-10-12 19:25:17.056856,PNG,5592.7,34,es,Transferido,Confidencial,Carlos López,3.0,
AHB-2019-1077,Contrato #887,Contrato,Contratos y Convenios,Jurídica,2019-10-21 16:37:07.424749,2020-02-15 16:37:07.424749,DOCX,2522.8,7,es,Eliminado,Público,Ana García,4.0,
AHB-2020-1123,Memorando #891,Memorando,Memorandos,Archivo Histórico,2020-11-17 21:09:25.886287,2021-10-01 21:09:25.886287,JPEG,5362.1,6,es,Transferido,Reservado,Laura Sánchez,1.0,
AHB-2019-1095,Decreto #586,Decreto,Decretos,SEC GEN,2020-03-23 09:34:06.822742,2020-09-21 09:34:06.822742,TIFF,4285.3,73,es,Inactivo,Confidencial,Laura Sánchez,1.0,
AHB-2019-1057,,Solicitud,Solicitudes Ciudadanas,,2019-05-03 22:20:28.093645,2021-04-09 22:20:28.093645,,1832.6,74,es,Activo,Reservado,Laura Sánchez,,
AHB-2018-1011,Acta #624,Acta,Actas de Reunión,Planeación,2018-04-05 16:48:09.632107,2018-06-01 16:48:09.632107,PDF,6169.9,64,es,Activo,Confidencial,María Rodríguez,2.0,
AHB-2020-1114,Oficio #156,Oficio,Oficios,Hacienda,2020-09-01 22:40:56.187290,2021-11-28 22:40:56.187290,JPEG,2622267.558010554,44,es,Inactivo,Confidencial,María Rodríguez,1.0,
AHB-2023-1257,Contrato #586,Contrato,Contratos y Convenios,Secretaría General,2024-01-07 16:07:01.404682,2025-04-06 16:07:01.404682,DOCX,5410.7,53,es,Transferido,Confidencial,Juan Martínez,2.0,
AHB-2022-1219,Informe #147,Informe,Informes de Gestión,Secretaría General,2023-02-16 17:53:22.675585,2024-07-21 17:53:22.675585,JPEG,1294.4,62,es,Inactivo,Público,Laura Sánchez,3.0,
AHB-2023-1252,Circular #874,Circular,Circulares,Hacienda,2023-11-25 18:17:51.571906,2024-01-09 18:17:51.571906,PNG,7120.9,68,es,Activo,Confidencial,Juan Martínez,1.0,
AHB-2023-1295,Circular #695,Circular,Circulares,Secretaría General,2024-11-27 08:20:40.133779,2026-03-03 08:20:40.133779,TIFF,4999.9,70,es,Eliminado,Reservado,María Rodríguez,,
AHB-2023-1261,Circular #717,Circular,Circulares,Jurídica,2024-02-10 16:46:21.270903,2024-10-07 16:46:21.270903,TIFF,6129.8,18,es,Activo,Reservado,Carlos López,1.0,
AHB-2021-1178,Decreto #445,Decreto,Decretos,Archivo Histórico,2022-03-02 22:10:14.046822,2023-02-08 22:10:14.046822,PNG,7555.5,3,es,Activo,Público,Ana García,1.0,
AHB-2018-1019,Solicitud #566,Solicitud,Solicitudes Ciudadanas,Archivo Histórico,2018-06-13 02:06:49.364548,2019-05-15 02:06:49.364548,TIFF,3150.4,59,es,Activo,Confidencial,Laura Sánchez,5.0,
AHB-2021-1169,Contrato #071,Contrato,Contratos y Convenios,Hacienda,2021-12-16 01:41:44.347826,2022-10-02 01:41:44.347826,PNG,6669.4,68,es,Activo,Reservado,María Rodríguez,2.0,
AHB-2022-1239,Informe #354,Informe,Informes de Gestión,Secretaría General,2023-08-06 11:10:02.006688,2022-08-06 11:10:02.006688,JPEG,524.1,28,es,Activo,Público,Ana García,5.0,
AHB-2023-1277,Oficio #621,Oficio,Oficios,Archivo Histórico,2024-06-26 13:23:40.735785,2024-12-09 13:23:40.735785,JPEG,1328.6,5,es,Eliminado,Público,Ana García,4.0,
AHB-2021-1160,Informe #642,Informe,Informes de Gestión,Jurídica,2021-09-30 03:13:14.648829,2023-09-25 03:13:14.648829,JPEG,7609.5,61,es,Eliminado,Confidencial,Carlos López,4.0,
AHB-2019-1073,Acta #602,acta,Actas de Reunión,Archivo Histórico,2019-09-17 12:57:47.558528,2020-03-08 12:57:47.558528,PNG,7711.7,28,es,Activo,Reservado,Carlos López,3.0,
AHB-2018-1017,Contrato #565,Informe ,Contratos y Convenios,Planeación,2018-05-26 17:47:09.431438,2019-02-12 17:47:09.431438,JPEG,7544.8,52,es,Activo,Confidencial,María Rodríguez,,
AHB-2019-1062,Memorando #349,Memorando,Memorandos,Secretaría General,2019-06-15 10:09:37.926421,2020-02-20 10:09:37.926421,TIFF,2015.9,66,es,Inactivo,Confidencial,María Rodríguez,2.0,
AHB-2022-1249,Certificado #310,Certificado,Certificados y Constancias,,2023-10-31 06:48:21.672240,2022-10-31 06:48:21.672240,PNG,1721683.2125425623,31,es,Transferido,Reservado,Ana García,,
AHB-2022-1228,Circular #921,Circular,Circulares,Secretaría General,2023-05-04 09:21:52.374581,2023-11-17 09:21:52.374581,PNG,1905.7,51,es,Eliminado,Público,Ana García,5.0,
AHB-2022-1238,Circular #968,Circular,Circulares,Planeación,2023-07-29 04:00:12.040133,2023-09-06 04:00:12.040133,PNG,1180.8,62,es,Transferido,Público,Ana García,,
AHB-2022-1229,Solicitud #824,Solicitud,Solicitudes Ciudadanas,Archivo Histórico,2023-05-12 21:31:42.341137,2023-12-30 21:31:42.341137,TIFF,2153.2,45,es,Eliminado,Público,Carlos López,4.0,
AHB-2023-1283,Certificado #294,Certificado,Certificados y Constancias,Secretaría General,2024-08-16 13:22:40.535117,2026-06-04 13:22:40.535117,PNG,341.7,64,es,Activo,Confidencial,Laura Sánchez,1.0,
AHB-2018-1047,Informe #393,Informe,Informes de Gestión,Hacienda,2019-02-07 08:42:08.428093,2020-11-24 08:42:08.428093,PDF,2733.1,19,es,Eliminado,Reservado,Carlos López,1.0,
AHB-2023-1250,Decreto #204,Decreto,Decretos,Sec. General,2023-11-08 15:58:11.638796,2024-04-26 15:58:11.638796,DOCX,3530.2,32,es,Eliminado,Confidencial,Carlos López,,
AHB-2019-1079,Resolución #458,Resolución,Resoluciones Administrativas,Jurídica,2019-11-08 00:56:47.357859,2021-04-14 00:56:47.357859,DOCX,7434.7,64,es,Eliminado,Público,Ana García,2.0,
AHB-2023-1254,Certificado #110,Certificado,Certificados y Constancias,Planeación,2023-12-12 21:37:31.505016,2024-12-20 21:37:31.505016,TIFF,4849.5,30,es,Transferido,Público,Juan Martínez,2.0,
AHB-2018-1020,Resolución #418,Resolución,Resoluciones Administrativas,Planeación,2018-06-21 06:16:39.331103,2018-10-22 06:16:39.331103,PDF,7138.6,10,es,Inactivo,Público,Ana García,4.0,
AHB-2020-1140,Circular #077,Circular,Circulares,Archivo Histórico,2021-04-12 08:56:35.317725,2021-05-25 08:56:35.317725,TIFF,3834.9,79,es,Eliminado,Público,Ana García,1.0,
AHB-2021-1192,Memorando #333,Memorando,Memorandos,Jurídica,2022-06-30 16:27:53.578595,2024-02-17 16:27:53.578595,JPEG,4637.3,27,es,Activo,Reservado,María Rodríguez,2.0,
AHB-2020-1130,Oficio #933,Oficio,Oficios,Planeación,2021-01-16 16:18:15.652173,2021-04-05 16:18:15.652173,DOCX,2273.3,59,es,Inactivo,Confidencial,Juan Martínez,4.0,
AHB-2022-1215,Decreto #247,Decreto,Decretos,Archivo Histórico,2023-01-13 06:14:02.809364,2023-04-19 06:14:02.809364,TIFF,2153.9,37,es,Transferido,Público,Carlos López,,
AHB-2022-1244,Acta #435,Acta,Actas de Reunión,Archivo Histórico,2023-09-18 09:59:11.839464,2024-10-08 09:59:11.839464,PDF,3541.3,35,es,Inactivo,Confidencial,Ana García,4.0,
AHB-2019-1059,Solicitud #809,Solicitud,Solicitudes Ciudadanas,Secretaría General,2019-05-20 16:40:08.026755,2019-08-19 16:40:08.026755,PDF,7660.4,25,es,Transferido,Confidencial,Juan Martínez,1.0,
AHB-2022-1221,,Decreto,Decretos,,2023-03-05 21:13:02.608695,2023-03-24 21:13:02.608695,,5530.5,72,es,Transferido,Confidencial,Carlos López,,
AHB-2021-1176,Memorando #765,Memorando,Memorandos,Planeación,2022-02-14 00:50:34.113712,2023-11-23 00:50:34.113712,JPEG,483.5,15,es,Transferido,Reservado,María Rodríguez,2.0,
AHB-2019-1055,Resolución #885,Resolución,Resoluciones Administrativas,Secretaría General,2019-04-16 20:00:48.160535,2021-01-08 20:00:48.160535,TIFF,464.1,21,es,Transferido,Reservado,Ana García,3.0,
AHB-2023-1291,Informe #652,Informe,Informes de Gestión,Jurídica,2024-10-23 21:41:20.267558,2025-08-11 21:41:20.267558,TIFF,6961.5,14,es,Eliminado,Reservado,Juan Martínez,1.0,
AHB-2023-1254,Certificado #110,Certificado,Certificados y Constancias,Planeación,2023-12-12 21:37:31.505016,2024-12-20 21:37:31.505016,TIFF,4849.5,30,es,Transferido,Público,Juan Martínez,2.0,
AHB-2021-1197,Memorando #384,Memorando,Memorandos,Secretaría General,2022-08-12 12:17:03.411371,2024-06-14 12:17:03.411371,TIFF,727.2,49,es,Inactivo,Confidencial,María Rodríguez,3.0,
AHB-2019-1068,Certificado #003,Certificado,Certificados y Constancias,Archivo Histórico,2019-08-05 18:08:37.725752,2020-09-14 18:08:37.725752,JPEG,7584.7,12,es,Activo,Confidencial,Carlos López,4.0,
AHB-2022-1210,Decreto #625,Decreto,Decretos,Secretaría General,2022-12-01 19:24:52.976588,2023-04-11 19:24:52.976588,TIFF,528.8,36,es,Activo,Confidencial,Juan Martínez,3.0,
AHB-2022-1232,Resolución #295,Resolución,Resoluciones Administrativas,Hacienda,2023-06-07 21:01:12.240802,2023-08-26 21:01:12.240802,TIFF,6441.1,6,es,Eliminado,Confidencial,Juan Martínez,5.0,
AHB-2022-1201,Informe #544,Informe,Informes de Gestión,Planeación,2022-09-15 15:56:23.277591,2023-01-26 15:56:23.277591,PNG,4789.2,69,es,Eliminado,Reservado,María Rodríguez,3.0,
AHB-2021-1168,Informe #633,Informe,Informes de Gestión,Archivo Histórico,2021-12-07 13:31:54.381270,2022-12-24 13:31:54.381270,TIFF,7845.1,22,es,Transferido,Público,Carlos López,2.0,
AHB-2021-1185,Informe #455,Informe,Informes de Gestión,Secretaría General,2022-05-02 03:19:03.812709,2023-02-17 03:19:03.812709,DOCX,2758.6,53,es,Transferido,Público,Carlos López,3.0,
AHB-2018-1035,Decreto #299,Decreto,Decretos,Jurídica,2018-10-27 13:44:08.829431,2019-12-08 13:44:08.829431,PNG,7846.7,17,es,Transferido,Público,Ana García,2.0,
AHB-2020-1129,Decreto #539,Decreto,Decretos,Secretaría General,2021-01-08 02:08:25.685618,2021-10-29 02:08:25.685618,TIFF,2103.9,67,es,Transferido,Público,Ana García,4.0,
